person_id,night_date,weekday,tst_min,core_min,deep_min,rem_min,waso_min,awakenings,tib_min,tib_source,sleep_efficiency_pct,fragmentation_per_hr,waso_pct_of_tib,sleep_onset_hour,hrv_night_ms,hrv_ln,hrv_count,rhr_night_bpm,apple_rhr_bpm,z_hrv,z_rhr,z_tst,z_eff,z_frag,hrv_ln_base_n,rhr_night_bpm_base_n,usable_sleep,usable_hrv,usable_rhr,quality_notes,readiness_label
alex,2026-09-01,1,428.15,265.95,78.1,84.1,9.983,1,438.133,sleep_window,97.721,0.14,2.279,23.45,39.295,3.671,2,53.25,60.0,,,,,,0,0,True,True,True,,
alex,2026-09-02,2,396.767,239.583,40.133,117.05,13.7,2,410.467,sleep_window,96.662,0.302,3.338,22.967,44.335,3.792,4,53.75,59.0,,,,,,1,1,True,True,True,,
alex,2026-09-03,3,492.15,299.467,53.45,139.233,9.7,2,501.85,sleep_window,98.067,0.244,1.933,23.267,42.73,3.755,1,54.75,58.0,,,,,,2,2,True,True,True,,
alex,2026-09-04,4,422.133,252.883,67.467,101.783,10.617,1,432.75,sleep_window,97.547,0.142,2.453,23.1,54.605,4.0,2,54.5,60.0,,,,,,3,3,True,True,True,,
alex,2026-09-05,5,413.433,231.867,60.867,120.7,22.0,2,435.433,sleep_window,94.948,0.29,5.052,22.817,52.64,3.963,3,54.25,59.0,,,,,,4,4,True,True,True,,
alex,2026-09-06,6,415.817,274.0,46.767,95.05,8.783,1,424.6,sleep_window,97.931,0.144,2.069,23.4,55.585,4.018,4,53.8,60.0,,,,,,5,5,True,True,True,,
alex,2026-09-07,0,463.2,295.983,61.633,105.583,14.217,2,477.417,sleep_window,97.022,0.259,2.978,24.167,40.745,3.707,4,51.25,59.0,,,,,,6,6,True,True,True,,
alex,2026-09-08,1,452.317,285.3,42.317,124.7,17.717,2,470.033,sleep_window,96.231,0.265,3.769,22.833,60.242,4.098,4,53.4,61.0,1.742,-0.213,0.582,-0.462,0.656,7,7,True,True,True,,
alex,2026-09-09,2,403.067,223.7,64.517,114.85,16.8,2,419.867,sleep_window,95.999,0.298,4.001,23.567,49.72,3.906,2,53.5,62.0,0.189,-0.109,-1.035,-0.524,1.067,8,8,True,True,True,,
alex,2026-09-10,3,402.6,257.967,66.55,78.083,6.783,1,409.383,sleep_window,98.343,0.149,1.657,23.15,55.953,4.025,3,54.0,60.0,0.955,0.368,-0.938,0.743,-1.186,9,9,True,True,True,,
alex,2026-09-11,4,461.167,293.317,51.317,116.533,9.617,1,470.783,sleep_window,97.957,0.13,2.043,23.717,45.82,3.825,3,54.6,60.0,-0.457,0.89,1.043,0.469,-1.32,10,10,True,True,True,,
alex,2026-09-12,5,414.6,237.55,82.8,94.25,12.1,2,426.7,sleep_window,97.164,0.289,2.836,22.867,49.54,3.903,1,53.75,61.0,0.107,0.017,-0.561,0.018,1.024,11,11,True,True,True,,
alex,2026-09-13,6,528.017,334.567,58.8,134.65,12.55,2,540.567,sleep_window,97.678,0.227,2.322,23.283,45.653,3.821,3,53.75,60.0,-0.49,0.016,3.27,0.281,0.084,12,12,True,True,True,,
alex,2026-09-14,0,423.917,273.683,61.5,88.733,10.183,2,434.1,sleep_window,97.654,0.283,2.346,23.183,43.723,3.778,3,52.75,59.0,-0.791,-0.916,-0.357,0.247,0.884,13,13,True,True,True,,
alex,2026-09-15,1,438.917,256.117,71.533,111.267,7.2,1,446.117,sleep_window,98.386,0.137,1.614,23.067,43.688,3.777,4,53.75,63.0,-0.753,0.08,0.052,0.605,-1.298,14,14,True,True,True,,
alex,2026-09-16,2,444.167,274.283,56.583,113.3,12.05,1,456.217,sleep_window,97.359,0.135,2.641,24.383,34.37,3.537,1,54.0,59.0,-2.575,0.307,0.193,0.037,-1.21,15,15,True,True,True,,
alex,2026-09-17,3,478.917,307.083,60.35,111.483,9.733,2,488.65,sleep_window,98.008,0.251,1.992,24.067,43.598,3.775,4,54.4,60.0,-0.491,0.661,1.169,0.368,0.504,16,16,True,True,True,,
alex,2026-09-18,4,420.233,268.817,61.717,89.7,1.0,1,421.233,sleep_window,99.763,0.143,0.237,23.95,58.19,4.064,1,54.0,62.0,1.503,0.249,-0.552,1.248,-1.068,17,17,True,True,True,,
alex,2026-09-19,5,416.05,272.7,60.017,83.333,3.283,1,419.333,sleep_window,99.217,0.144,0.783,23.333,47.995,3.871,4,53.25,59.0,0.097,-0.463,-0.652,0.897,-0.986,18,18,True,True,True,,
alex,2026-09-20,6,429.45,251.917,59.95,117.583,5.15,2,434.6,sleep_window,98.815,0.279,1.185,22.667,44.79,3.802,1,53.6,58.0,-0.376,-0.113,-0.239,0.643,1.013,19,19,True,True,True,,
alex,2026-09-21,0,391.05,232.817,76.95,81.283,7.667,2,398.717,sleep_window,98.077,0.307,1.923,23.967,40.75,3.707,2,54.25,62.0,-1.026,0.498,-1.378,0.232,1.359,20,20,True,True,True,,
alex,2026-09-22,1,370.35,228.95,60.417,80.983,13.617,2,383.967,sleep_window,96.454,0.324,3.546,23.133,38.145,3.641,2,54.0,61.0,-1.438,0.241,-1.892,-0.61,1.513,21,21,True,True,True,,
alex,2026-09-23,2,392.7,208.617,79.367,104.717,11.917,2,404.617,sleep_window,97.055,0.306,2.945,22.85,41.31,3.721,4,56.0,62.0,-0.798,2.091,-1.092,-0.275,1.151,22,22,True,True,True,,
alex,2026-09-24,3,417.183,278.5,51.867,86.817,17.517,2,434.7,sleep_window,95.97,0.288,4.03,23.7,43.06,3.763,4,55.75,64.0,-0.485,1.764,-0.365,-0.819,0.849,23,23,True,True,True,,
alex,2026-09-25,4,351.317,221.4,73.667,56.25,21.083,3,372.4,sleep_window,94.339,0.512,5.661,23.65,33.103,3.5,3,58.0,66.0,-2.314,3.774,-2.21,-1.622,3.917,24,24,True,True,True,,
alex,2026-09-26,5,423.833,266.25,69.25,88.333,14.5,3,438.333,sleep_window,96.692,0.425,3.308,23.233,35.49,3.569,3,58.5,63.0,-1.601,3.618,-0.075,-0.351,2.035,25,25,True,True,True,,
alex,2026-09-27,6,375.15,233.033,65.5,76.617,13.417,3,388.567,sleep_window,96.547,0.48,3.453,23.117,34.51,3.541,3,58.0,67.0,-1.672,2.537,-1.376,-0.412,2.423,26,26,True,True,True,,
alex,2026-09-28,0,344.933,209.383,77.3,58.25,24.217,3,369.15,sleep_window,93.44,0.522,6.56,23.517,35.947,3.582,3,60.0,66.0,-1.312,3.469,-2.1,-1.993,2.551,27,27,True,True,True,,
alex,2026-09-29,1,377.1,231.65,60.233,85.217,25.317,4,402.417,sleep_window,93.709,0.636,6.291,23.9,29.88,3.397,1,60.8,66.0,-2.362,3.254,-1.113,-1.786,3.253,28,28,True,True,True,,
alex,2026-09-30,2,334.65,186.283,68.5,79.867,33.483,3,368.133,sleep_window,90.905,0.538,9.095,23.517,23.73,3.167,3,61.5,70.0,-3.391,2.992,-2.079,-3.16,1.943,28,28,True,True,True,,
